event	aspect	pos_docs	neg_docs
great fire of london	when	4184690	1076160
great fire of london	when	4184690	6282285
great fire of london	when	4184690	5100321
great fire of london	when	4184690	3142280
great fire of london	when	4184690	5454343
great fire of london	when	4184690	1822973
great fire of london	when	4184690	1297491
great fire of london	when	4184690	3485568
great fire of london	when	4184690	3990934
great fire of london	when	4184690	6232747
great fire of london	when	4184690	6286130
great fire of london	when	4184690	4821294
great fire of london	when	4184690	4908838
great fire of london	when	4184690	4627311
great fire of london	when	4184690	1735930
great fire of london	when	4184690	2446449
great fire of london	when	4184690	2676230
great fire of london	when	4184690	6921987
great fire of london	when	4184690	5195054
great fire of london	when	4184690	1735927
great fire of london	when	4184690	2259885
great fire of london	when	4184690	1342114
great fire of london	when	4184690	2581052
great fire of london	when	4184690	6113195
great fire of london	when	4184690	6212647
great fire of london	when	4184690	4164866
great fire of london	when	4184690	1295677
great fire of london	when	4184690	3206661
great fire of london	when	4184690	218182
great fire of london	when	4184690	6212649
great fire of london	when	4184690	6433045
great fire of london	when	4184690	1756892
great fire of london	when	4184690	929114
great fire of london	when	4184690	5579752
great fire of london	when	4184690	7785054
great fire of london	when	4184690	3162057
great fire of london	when	4184690	7289488
great fire of london	when	4184690	5748687
great fire of london	when	4184690	1842799
great fire of london	when	4184690	5119564
great fire of london	when	4184690	1528134
great fire of london	when	4184690	2917379
great fire of london	when	4184690	4917682
great fire of london	when	4184690	6738436
great fire of london	when	4184690	1556142
great fire of london	when	4184690	5897215
great fire of london	when	4184690	5454346
great fire of london	when	4184690	243505
great fire of london	when	4184690	2875024
great fire of london	when	4184690	2101232
great fire of london	when	4184690	5238063
great fire of london	when	4184690	5160943
great fire of london	when	4184690	2215643
great fire of london	when	4184690	6421709
great fire of london	when	4184690	7602171
great fire of london	when	4184690	5324747
great fire of london	when	4184690	2455276
great fire of london	when	4184690	3238956
great fire of london	when	4184690	1756890
great fire of london	when	4184690	2917660
great fire of london	when	4184690	4894050
great fire of london	when	4184690	2697446
great fire of london	when	4184690	6099948
great fire of london	when	4184690	1825813
great fire of london	when	4184690	7947151
great fire of london	when	4184690	1165670
great fire of london	when	4184690	249320
great fire of london	when	4184690	6178414
great fire of london	when	4184690	2092650
great fire of london	when	4184690	2332560
great fire of london	when	4184690	4765163
great fire of london	when	4184690	6457951
great fire of london	when	4184690	2718640
great fire of london	when	4184690	1775473
great fire of london	when	4184690	2916952
great fire of london	when	4184690	4034558
great fire of london	when	4184690	3590996
great fire of london	when	4184690	2223115
great fire of london	when	4184690	7215063
great fire of london	when	4184690	2650679
great fire of london	when	4184690	1357383
great fire of london	when	4184690	4289966
great fire of london	when	4184690	221913
great fire of london	when	4184690	317877
great fire of london	when	4184690	1604586
great fire of london	when	4184690	7705490
great fire of london	when	4184690	1770652
great fire of london	when	4184690	7828486
great fire of london	when	4184690	8123702
great fire of london	when	4184690	2265065
great fire of london	when	4184690	3238955
great fire of london	when	4184690	6862013
great fire of london	when	4184690	4268885
great fire of london	when	4184690	3331381
great fire of london	when	4184690	114340
great fire of london	when	4184690	6883872
great fire of london	when	4184690	2665928
great fire of london	when	4184690	8626827
great fire of london	when	4184690	2225647
great fire of london	when	4184690	5873778
great fire of london	when	4184690	3073083
great fire of london	when	4184690	5962519
great fire of london	when	4184690	4686340
great fire of london	when	4184690	1297864
great fire of london	when	4184690	3342075
great fire of london	when	4184690	2202107
great fire of london	when	4184690	5454347
great fire of london	when	4184690	5042344
great fire of london	when	4184690	272039
great fire of london	when	4184690	4981013
great fire of london	when	4184690	5279253
great fire of london	when	4184690	8683114
great fire of london	when	4184690	5698935
great fire of london	when	4184690	7951171
great fire of london	when	4184690	4210696
great fire of london	when	4184690	4408872
great fire of london	when	4184690	5864975
great fire of london	when	4184690	994519
great fire of london	when	4184690	7045793
great fire of london	when	4184690	1221070
great fire of london	when	4184690	2969191
great fire of london	when	4184690	5319832
great fire of london	when	4184690	8469650
great fire of london	when	4184690	6433050
great fire of london	when	4184690	5082012
great fire of london	when	4184690	3119712
great fire of london	when	4184690	3959604
great fire of london	when	4184690	1189855
great fire of london	when	4184690	3723547
great fire of london	when	4184690	2954917
great fire of london	when	4184690	1640043
great fire of london	when	4184690	6524519
great fire of london	when	4184690	2848645
great fire of london	when	4184690	7636057
great fire of london	when	4184690	7780110
great fire of london	when	4184690	1629562
great fire of london	when	4184690	7050658
great fire of london	when	4184690	5470970
great fire of london	when	4184690	2602655
great fire of london	when	4184690	4465864
great fire of london	when	4184690	2107550
great fire of london	when	4184690	1213064
great fire of london	when	4184690	4824232
great fire of london	when	4184690	3469097
great fire of london	when	4184690	7551739
great fire of london	when	4184690	1544936
great fire of london	when	4184690	2731121
great fire of london	when	4184690	5914886
great fire of london	when	4184690	2799221
great fire of london	when	4184690	4831548
great fire of london	when	4184690	4184694
great fire of london	when	4184690	8025233
great fire of london	when	4184690	5349101
great fire of london	when	4184690	3548274
great fire of london	when	4184690	4391486
great fire of london	when	4184690	5326246
great fire of london	when	4184690	275662
great fire of london	when	4184690	7147537
great fire of london	when	4184690	3377901
great fire of london	when	4184690	8535490
great fire of london	when	4184690	1023816
great fire of london	when	4184690	6582630
great fire of london	when	4184690	1122287
great fire of london	when	4184690	7582447
great fire of london	when	4184690	6433048
great fire of london	when	4184690	7211975
great fire of london	when	4184690	5685992
great fire of london	when	4184690	3531893
great fire of london	when	4184690	3497949
great fire of london	when	4184690	3437216
great fire of london	when	4184690	8179019
great fire of london	when	4184690	1589751
great fire of london	when	4184690	2390642
great fire of london	when	4184690	4486257
great fire of london	when	4184690	4588626
great fire of london	when	4184690	3713429
great fire of london	when	4184690	5994450
great fire of london	when	4184690	4001142
great fire of london	when	4184690	3363676
great fire of london	when	4184690	2259880
great fire of london	when	4184690	8683120
great fire of london	when	4184690	2129217
great fire of london	when	4184690	6099739
great fire of london	when	4184690	3773716
great fire of london	when	4184690	5654587
great fire of london	when	4184690	2741703
great fire of london	when	4184690	5974548
great fire of london	when	4184690	6576033
great fire of london	when	4184690	8835193
great fire of london	when	4184690	7025851
great fire of london	when	4184690	2228766
great fire of london	when	4184690	272350
great fire of london	when	4184690	278084
great fire of london	when	4184690	2715588
great fire of london	when	4184690	1129728
great fire of london	when	4184690	5968178
great fire of london	when	4184690	2302251
great fire of london	when	4184690	3179240
great fire of london	when	4184690	2302255
great fire of london	when	4184690	2861778
great fire of london	when	4184690	1853709
great fire of london	when	4184690	201173
great fire of london	when	4184690	218240
great fire of london	when	4184690	8694281
great fire of london	when	4184690	5204176
great fire of london	when	4184690	8138137
great fire of london	when	4184690	6876007
great fire of london	when	4184690	3216327
great fire of london	when	4184690	3883806
great fire of london	when	4184690	6212648
great fire of london	when	4184690	1602162
great fire of london	when	4184690	7793820
great fire of london	when	4184690	825744
great fire of london	when	4184690	1628886
great fire of london	when	4184690	2223116
great fire of london	when	4184690	7283094
great fire of london	when	4184690	5673
great fire of london	when	4184690	2007872
great fire of london	when	4184690	1890583
great fire of london	when	4184690	6016614
great fire of london	when	4184690	3670787
great fire of london	when	4184690	4835037
great fire of london	when	4184690	4158236
great fire of london	when	4184690	4861475
great fire of london	when	4184690	3248977
great fire of london	when	4184690	5897212
great fire of london	when	4184690	2995367
great fire of london	when	4184690	1105237
great fire of london	when	4184690	1626989
great fire of london	when	4184690	1085117
great fire of london	when	4184690	4491979
great fire of london	when	4184690	7165012
great fire of london	when	4184690	6500048
great fire of london	when	4184690	1563083
great fire of london	when	4184690	8683118
great fire of london	when	4184690	2307545
great fire of london	when	4184690	6473248
great fire of london	when	4184690	7891138
great fire of london	when	4184690	4471078
great fire of london	when	4184690	899379
great fire of london	when	4184690	5321044
great fire of london	when	4184690	3764957
great fire of london	when	4184690	2455279
great fire of london	when	4184690	3469090
great fire of london	when	4184690	2478992
great fire of london	when	4184690	2455278
great fire of london	when	4184690	2590650
great fire of london	when	4184690	251033
great fire of london	when	4184690	3286769
great fire of london	when	4184690	1542799
great fire of london	when	4184690	2286473
great fire of london	when	4184690	6538050
great fire of london	when	4184690	2171255
great fire of london	when	4184690	3510850
great fire of london	when	4184690	5048354
great fire of london	when	4184690	5967975
great fire of london	when	4184690	6571242
great fire of london	when	4184690	3685083
great fire of london	when	4184690	4453
great fire of london	when	4184690	8350214
great fire of london	when	4184690	2666982
great fire of london	when	4184690	4184696
great fire of london	when	4184690	4184687
great fire of london	when	4184690	4464503
great fire of london	when	4184690	1262351
great fire of london	when	4184690	1509447
great fire of london	when	4184690	38051
great fire of london	when	4184690	1897309
great fire of london	when	4184690	116228
great fire of london	when	4184690	6989679
great fire of london	when	4184690	6035148
great fire of london	when	4184690	6297277
great fire of london	when	4184690	2223119
great fire of london	when	4184690	1132072
great fire of london	when	4184690	1468516
great fire of london	when	4184690	7903586
great fire of london	when	4184690	3510853
great fire of london	when	4184690	457849
great fire of london	when	4184690	4824234
great fire of london	when	4184690	5053913
great fire of london	when	4184690	8254520
great fire of london	when	4184690	3459703
great fire of london	when	4184690	2193125
great fire of london	when	4184690	1897310
great fire of london	when	4184690	1844483
great fire of london	when	4184690	2188608
great fire of london	when	4184690	5759989
great fire of london	when	4184690	3216323
great fire of london	when	4184690	2954913
great fire of london	when	4184690	1317804
great fire of london	when	4184690	6036155
great fire of london	when	4184690	4317466
great fire of london	when	4184690	7780105
great fire of london	when	4184690	4707107
great fire of london	when	4184690	3070510
great fire of london	when	4184690	4627356
great fire of london	when	4184690	3873202
great fire of london	when	4184690	8805324
great fire of london	when	4184690	3609198
great fire of london	when	4184690	806338
great fire of london	when	4184690	2877433
great fire of london	when	4184690	7748501
great fire of london	when	4184690	2259878
great fire of london	when	4184690	2274609
great fire of london	when	4184690	8638132
great fire of london	when	4184690	1186501
great fire of london	when	4184690	8305464
great fire of london	when	4184690	216369
great fire of london	when	4184690	1041216
great fire of london	when	4184690	3750879
great fire of london	when	4184690	1038249
great fire of london	when	4184690	5319918
great fire of london	when	4184690	7825092
great fire of london	when	4184690	2553718
great fire of london	when	4184690	3531888
great fire of london	when	4184690	5956690
great fire of london	when	4184690	4577235
great fire of london	when	4184690	8763942
great fire of london	when	4184690	3232891
great fire of london	when	4184690	5897219
great fire of london	when	4184690	8025232
great fire of london	when	4184690	531593
great fire of london	when	4184690	690411
great fire of london	when	4184690	4623370
great fire of london	when	4184690	8200010
great fire of london	when	4184690	1628889
great fire of london	when	4184690	4344685
great fire of london	when	4184690	7799651
great fire of london	when	4184690	2146816
great fire of london	when	4184690	6137844
great fire of london	when	4184690	7403419
great fire of london	when	4184690	4435703
great fire of london	when	4184690	8442681
great fire of london	when	4184690	1076154
great fire of london	when	4184690	2455271
great fire of london	when	4184690	2106206
great fire of london	when	4184690	5499406
great fire of london	when	4184690	5324743
great fire of london	when	4184690	3272311
great fire of london	when	4184690	486636
great fire of london	when	4184690	2044805
great fire of london	when	4184690	3941732
great fire of london	when	4184690	3509839
great fire of london	when	4184690	2455277
great fire of london	when	4184690	7915152
great fire of london	when	4184690	7780106
great fire of london	when	4184690	3353098
great fire of london	when	4184690	3056383
great fire of london	when	4184690	3774215
great fire of london	when	4184690	300467
great fire of london	when	4184690	6800369
great fire of london	when	4184690	881754
great fire of london	when	4184690	216364
great fire of london	when	4184690	5914885
great fire of london	when	4184690	249630
great fire of london	when	4184690	7122260
great fire of london	when	4184690	7611913
great fire of london	when	4184690	2324909
great fire of london	when	4184690	5873780
great fire of london	when	4184690	4037732
great fire of london	when	4184690	5405032
great fire of london	when	4184690	2455280
great fire of london	when	4184690	8254527
great fire of london	when	4184690	8272569
great fire of london	when	4184690	3159014
great fire of london	when	4184690	576396
great fire of london	when	4184690	3588900
great fire of london	when	4184690	6249998
great fire of london	when	4184690	453748
great fire of london	when	4184690	4947891
great fire of london	when	4184690	7215056
great fire of london	when	4184690	6259610
great fire of london	when	4184690	7020050
great fire of london	when	4184690	8123705
great fire of london	when	4184690	2302256
great fire of london	when	4184690	3388176
great fire of london	when	4184690	3661803
great fire of london	when	4184690	7780107
great fire of london	when	4184690	1597302
great fire of london	when	4184690	3472194
great fire of london	when	4184690	6500046
great fire of london	when	4184690	8489302
great fire of london	when	4184690	7789487
great fire of london	when	4184690	217514
great fire of london	when	4184690	249632
great fire of london	when	4184690	5495308
great fire of london	when	4184690	6455757
great fire of london	when	4184690	7927042
great fire of london	when	4184690	3703093
great fire of london	when	4184690	6831179
great fire of london	when	4184690	2610328
great fire of london	when	4184690	5348620
great fire of london	when	4184690	3654584
great fire of london	when	4184690	2156219
great fire of london	when	4184690	5235682
great fire of london	when	4184690	8683113
great fire of london	when	4184690	2348183
great fire of london	when	4184690	7727799
great fire of london	when	4184690	6433046
great fire of london	when	4184690	6052576
great fire of london	when	4184690	5432449
great fire of london	when	4184690	5087048
great fire of london	when	4184690	2936225
great fire of london	when	4184690	2223117
great fire of london	when	4184690	4588630
great fire of london	when	4184690	2372146
great fire of london	when	4184690	7403415
great fire of london	when	4184690	29532
great fire of london	when	4184690	4265952
great fire of london	when	4184690	4036427
great fire of london	when	4184690	3961623
great fire of london	when	4184690	5036018
great fire of london	when	4184690	18402
great fire of london	when	4184690	5454344
great fire of london	when	4184690	4320422
great fire of london	when	4184690	5499622
great fire of london	when	4184690	2332290
great fire of london	when	4184690	4491076
great fire of london	when	4184690	5227750
great fire of london	when	4184690	5759988
great fire of london	when	4184690	3366922
great fire of london	when	4184690	5087045
great fire of london	when	4184690	6077314
great fire of london	when	4184690	5502789
great fire of london	when	4184690	7280580
great fire of london	when	4184690	1579802
great fire of london	when	4184690	4914409
great fire of london	when	4184690	2752041
great fire of london	when	4184690	2921393
great fire of london	when	4184690	7828491
great fire of london	when	4184690	1263007
great fire of london	when	4184690	5185713
great fire of london	when	4184690	1633090
great fire of london	when	4184690	3941737
great fire of london	when	4184690	2259883
great fire of london	when	4184690	5590092
great fire of london	when	4184690	4112268
great fire of london	when	4184690	4672778
great fire of london	when	4184690	2204147
great fire of london	when	4184690	6984689
great fire of london	when	4184690	3713431
great fire of london	when	4184690	8176583
great fire of london	when	4184690	3713423
great fire of london	when	4184690	6634088
great fire of london	when	4184690	5561140
great fire of london	when	4184690	3039501
great fire of london	when	4184690	3485109
great fire of london	when	4184690	2259884
great fire of london	when	4184690	1604594
great fire of london	when	4184690	4830521
great fire of london	when	4184690	4184693
great fire of london	when	4184690	5200603
great fire of london	when	4184690	6874154
great fire of london	when	4184690	3229008
great fire of london	when	4184690	3941736
great fire of london	when	4184690	7391252
great fire of london	when	4184690	1449871
great fire of london	when	4184690	4283420
great fire of london	when	4184690	4194345
great fire of london	when	4184690	5449026
great fire of london	when	4184690	8697491
great fire of london	when	4184690	7122258
great fire of london	when	4184690	5432044
great fire of london	when	4184690	4327443
great fire of london	when	4184690	709536
great fire of london	when	4184690	5304348
great fire of london	when	4184690	8554492
great fire of london	when	4184690	5990056
great fire of london	when	4184690	2130119
great fire of london	when	4184690	3089708
great fire of london	when	4184690	2223118
great fire of london	when	4184690	5605455
great fire of london	when	4184690	902619
great fire of london	when	4184690	4914413
great fire of london	when	4184690	5429766
great fire of london	when	4184690	7644638
great fire of london	when	4184690	5009550
great fire of london	when	4184690	4141448
great fire of london	when	4184690	6555092
great fire of london	when	4184690	4628792
great fire of london	when	4184690	250519
great fire of london	when	4184690	4736044
great fire of london	when	4184690	7777129
great fire of london	when	4184690	6466393
great fire of london	when	4184690	6257924
great fire of london	when	4184690	4657834
great fire of london	when	4184690	5690842
great fire of london	when	4184690	4268572
great fire of london	when	4184690	8056036
great fire of london	when	4184690	3167540
great fire of london	when	4184690	4317462
great fire of london	when	4184690	6036156
great fire of london	when	4184690	7050657
great fire of london	when	4184690	4391490
great fire of london	when	4184690	2223110
great fire of london	when	4184690	7024396
great fire of london	when	4184690	1821412
great fire of london	when	4184690	4947892
great fire of london	when	4184690	4409341
great fire of london	when	4184690	4029111
great fire of london	when	4184690	6649167
great fire of london	when	4184690	1080172
great fire of london	when	4184690	2279676
great fire of london	when	4184690	4400936
great fire of london	when	4184690	6282279
great fire of london	when	4184690	4210699
great fire of london	when	4184690	102960
great fire of london	when	4184690	3251127
great fire of london	when	4184690	301162
great fire of london	when	4184690	2044808
great fire of london	when	4184690	2896687
great fire of london	when	4184690	2168322
great fire of london	when	4184690	1215690
great fire of london	when	4184690	3159649
great fire of london	when	4184690	879830
great fire of london	when	4184690	5914884
great fire of london	when	4184690	7844355
great fire of london	when	4184690	587288
great fire of london	when	4184690	4184691
great fire of london	when	4184690	5580015
great fire of london	when	4184690	5202584
great fire of london	when	4184690	1221065
great fire of london	when	4184690	545475
great fire of london	when	4184690	2553715
great fire of london	when	4184690	3938069
great fire of london	when	4184690	3215461
great fire of london	when	4184690	5654591
great fire of london	when	4184690	4894053
great fire of london	when	4184690	7045884
great fire of london	when	4184690	2379089
great fire of london	when	4184690	8454493
great fire of london	when	4184690	5499623
great fire of london	when	4184690	4698030
great fire of london	when	4184690	3229000
great fire of london	when	4184690	4307148
great fire of london	when	4184690	4920517
great fire of london	when	4184690	4210695
great fire of london	when	4184690	2378731
great fire of london	when	4184690	4105440
great fire of london	when	4184690	4628789
great fire of london	when	4184690	8250943
great fire of london	when	4184690	7093362
great fire of london	when	4184690	7391295
great fire of london	when	4184690	433198
great fire of london	when	4184690	6755318
great fire of london	when	4184690	3274499
great fire of london	when	4184690	5897218
great fire of london	when	4184690	2479564
great fire of london	when	4184690	7215064
great fire of london	when	4184690	4588627
great fire of london	when	4184690	3573965
great fire of london	when	4184690	7496869
great fire of london	when	4184690	4861473
great fire of london	when	4184690	3342723
great fire of london	when	4184690	6738430
great fire of london	when	4184690	2259882
great fire of london	when	4184690	712551
great fire of london	when	4184690	5082009
great fire of london	when	4184690	3450643
great fire of london	when	4184690	6174998
great fire of london	when	4184690	2259879
great fire of london	when	4184690	2715585
great fire of london	when	4184690	4960812
great fire of london	when	4184690	3071324
great fire of london	when	4184690	3089706
great fire of london	when	4184690	568459
great fire of london	when	4184690	2455273
great fire of london	when	4184690	2302253
great fire of london	when	4184690	4207673
great fire of london	when	4184690	4247393
great fire of london	when	4184690	3943300
great fire of london	when	4184690	7370906
great fire of london	when	4184690	457851
great fire of london	when	4184690	5087046
great fire of london	when	4184690	7781233
great fire of london	when	4184690	8123706
great fire of london	when	4184690	2401641
great fire of london	when	4184690	6299396
great fire of london	when	4184690	4499229
great fire of london	when	4184690	2132228
great fire of london	when	4184690	3873203
great fire of london	when	4184690	4824229
great fire of london	when	4184690	5429765
great fire of london	when	4184690	5489767
great fire of london	when	4184690	4391492
great fire of london	when	4184690	4866676
great fire of london	when	4184690	7267608
great fire of london	when	4184690	5209826
great fire of london	when	4184690	5300844
great fire of london	when	4184690	4830630
great fire of london	when	4184690	5350531
great fire of london	when	4184690	7349147
great fire of london	when	4184690	931288
great fire of london	when	4184690	3484456
great fire of london	when	4184690	3670786
great fire of london	when	4184690	4901038
great fire of london	when	4184690	5584025
great fire of london	when	4184690	8254521
great fire of london	when	4184690	2545505
great fire of london	when	4184690	5329382
great fire of london	when	4184690	3490148
great fire of london	when	4184690	45861
great fire of london	when	4184690	8526025
great fire of london	when	4184690	3645528
great fire of london	when	4184690	3041289
great fire of london	when	4184690	4821295
great fire of london	when	4184690	4824227
great fire of london	when	4184690	5038908
great fire of london	when	4184690	2605781
great fire of london	when	4184690	2286471
great fire of london	when	4184690	2101237
great fire of london	when	4184690	1215693
great fire of london	when	4184690	660228
great fire of london	when	4184690	2175511
great fire of london	when	4184690	2617299
great fire of london	when	4184690	8002115
great fire of london	when	4184690	5139285
great fire of london	when	4184690	304469
great fire of london	when	4184690	3071327
great fire of london	when	4184690	1775476
great fire of london	when	4184690	5296696
great fire of london	when	4184690	5160939
great fire of london	when	4184690	6876008
great fire of london	when	4184690	8254524
great fire of london	when	4184690	7781228
great fire of london	when	4184690	4922744
great fire of london	when	4184690	8691367
great fire of london	when	4184690	5927348
great fire of london	when	4184690	3509840
great fire of london	when	4184690	5266800
great fire of london	when	4184690	6645976
great fire of london	when	4184690	4820211
great fire of london	when	4184690	1615477
great fire of london	when	4184690	4716411
great fire of london	when	4184690	3238954
great fire of london	when	4184690	7131193
great fire of london	when	4184690	5634879
great fire of london	when	4184690	2051163
great fire of london	when	4184690	105090
great fire of london	when	4184690	4777759
great fire of london	when	4184690	3631580
great fire of london	when	4184690	2455275
great fire of london	when	4184690	8254519
great fire of london	when	4184690	4401768
great fire of london	when	4184690	5929889
great fire of london	when	4184690	7974664
great fire of london	when	4184690	2877435
great fire of london	when	4184690	7267605
great fire of london	when	4184690	6111929
great fire of london	when	4184690	5074014
great fire of london	when	4184690	5082655
great fire of london	when	4184690	3878045
great fire of london	when	4184690	7554842
great fire of london	when	4184690	4783782
great fire of london	when	4184690	1461017
great fire of london	when	4184690	7436974
great fire of london	when	4184690	3880055
great fire of london	when	4184690	1756895
great fire of london	when	4184690	5341702
great fire of london	when	4184690	4391485
great fire of london	when	4184690	957749
great fire of london	when	4184690	4672783
great fire of london	when	4184690	3179235
great fire of london	when	4184690	212596
great fire of london	when	4184690	4946695
great fire of london	when	4184690	4207667
great fire of london	when	4184690	5324748
great fire of london	when	4184690	4756960
great fire of london	when	4184690	7403416
great fire of london	when	4184690	1855849
great fire of london	when	4184690	5209827
great fire of london	when	4184690	2286469
great fire of london	when	4184690	2223114
great fire of london	when	4184690	537719
great fire of london	when	4184690	1746822
great fire of london	when	4184690	1384825
great fire of london	when	4184690	5756757
great fire of london	when	4184690	5122929
great fire of london	when	4184690	5655358
great fire of london	when	4184690	5756992
great fire of london	when	4184690	767466
great fire of london	when	4184690	6560290
great fire of london	when	4184690	5532820
great fire of london	when	4184690	7932398
great fire of london	when	4184690	5226579
great fire of london	when	4184690	3205714
great fire of london	when	4184690	7256300
great fire of london	when	4184690	7391256
great fire of london	when	4184690	994510
great fire of london	when	4184690	192829
great fire of london	when	4184690	5341700
great fire of london	when	4184690	848929
great fire of london	when	4184690	7871087
great fire of london	when	4184690	3685551
great fire of london	when	4184690	3721076
great fire of london	when	4184690	4707109
great fire of london	when	4184690	4184692
great fire of london	when	4184690	4821290
great fire of london	when	4184690	5815816
great fire of london	when	4184690	4702557
great fire of london	when	4184690	6212650
great fire of london	when	4184690	4062526
great fire of london	when	4184690	7025852
great fire of london	when	4184690	7653279
great fire of london	when	4184690	4600220
great fire of london	when	4184690	7866339
great fire of london	when	4184690	4593973
great fire of london	when	4184690	4034554
great fire of london	when	4184690	2542275
great fire of london	when	4184690	6493114
great fire of london	when	4184690	5938073
great fire of london	when	4184690	7839790
great fire of london	when	4184690	7807852
great fire of london	when	4184690	7245695
great fire of london	when	4184690	1242401
great fire of london	when	4184690	7799650
great fire of london	when	4184690	6098776
great fire of london	when	4184690	6958793
great fire of london	when	4184690	8123708
great fire of london	when	4184690	76924
great fire of london	when	4184690	2831657
great fire of london	when	4184690	4194368
great fire of london	when	4184690	2455272
great fire of london	when	4184690	3875752
great fire of london	when	4184690	3935506
great fire of london	when	4184690	5886256
great fire of london	when	4184690	7845586
great fire of london	when	4184690	2223113
great fire of london	when	4184690	4482818
great fire of london	when	4184690	4056621
great fire of london	when	4184690	6776738
great fire of london	when	4184690	6433047
great fire of london	when	4184690	4115915
great fire of london	when	4184690	3871174
great fire of london	when	4184690	2223111
great fire of london	when	4184690	7693973
great fire of london	when	4184690	7748279
great fire of london	when	4184690	3707911
great fire of london	when	4184690	4824233
great fire of london	when	4184690	252628
great fire of london	when	4184690	1238738
great fire of london	when	4184690	5580016
great fire of london	when	4184690	1399050
great fire of london	when	4184690	6249994
great fire of london	when	4184690	4210691
great fire of london	when	4184690	5654588
great fire of london	when	4184690	4866675
great fire of london	when	4184690	3510852
great fire of london	when	4184690	3125655
great fire of london	when	4184690	2247844
great fire of london	when	4184690	6287700
great fire of london	when	4184690	3332167
great fire of london	when	4184690	216366
great fire of london	when	4184690	5155793
great fire of london	when	4184690	323365
great fire of london	when	4184690	1543651
great fire of london	when	4184690	3399102
great fire of london	when	4184690	8683115
great fire of london	when	4184690	3743755
great fire of london	when	4184690	4184688
great fire of london	when	4184690	6857528
great fire of london	when	4184690	4184695
great fire of london	when	4184690	3770581
great fire of london	when	4184690	629577
great fire of london	when	4184690	8347153
great fire of london	when	4184690	2171257
great fire of london	when	4184690	4408908
great fire of london	when	4184690	7629601
great fire of london	when	4184690	6310683
great fire of london	when	4184690	5380855
great fire of london	when	4184690	6250001
great fire of london	when	4184690	6837651
great fire of london	when	4184690	4491077
great fire of london	when	4184690	7825089
great fire of london	when	4184690	5406693
great fire of london	when	4184690	1514539
great fire of london	when	4184690	4908835
great fire of london	when	4184690	3998619
great fire of london	when	4184690	2159695
great fire of london	when	4184690	2937233
great fire of london	when	4184690	38055
great fire of london	when	4184690	6378175
great fire of london	when	4184690	7267607
great fire of london	when	4184690	7984284
great fire of london	when	4184690	668500
great fire of london	when	4184690	5658103
great fire of london	when	4184690	4210698
great fire of london	when	4184690	3278232
great fire of london	when	4184690	433203
great fire of london	when	4184690	1242396
great fire of london	when	4184690	7151480
great fire of london	when	4184690	7844354
great fire of london	when	4184690	5965735
great fire of london	when	4184690	8535812
great fire of london	when	4184690	3393543
great fire of london	when	4184690	5290305
great fire of london	when	4184690	4925819
great fire of london	when	4184690	4391489
great fire of london	when	4184690	2870064
great fire of london	when	4184690	8087914
great fire of london	when	4184690	3808991
great fire of london	when	4184690	1597301
great fire of london	when	4184690	4824230
great fire of london	when	4184690	2255051
great fire of london	when	4184690	4981014
great fire of london	when	4184690	4437477
great fire of london	when	4184690	5696372
great fire of london	when	4184690	6741727
great fire of london	when	4184690	8328807
great fire of london	when	4184690	3661801
great fire of london	when	4184690	6876013
great fire of london	when	4184690	3493978
great fire of london	when	4184690	7947152
great fire of london	when	4184690	7780109
great fire of london	when	4184690	4580470
great fire of london	when	4184690	2371221
great fire of london	when	4184690	7696769
great fire of london	when	4184690	5156217
great fire of london	when	4184690	6652450
great fire of london	when	4184690	1649581
great fire of london	when	4184690	2314675
great fire of london	when	4184690	250517
great fire of london	when	4184690	7647062
great fire of london	when	4184690	2455274
great fire of london	when	4184690	3939018
great fire of london	when	4184690	2286474
great fire of london	when	4184690	7696256
great fire of london	when	4184690	5968176
great fire of london	when	4184690	6995517
great fire of london	when	4184690	4057206
great fire of london	when	4184690	3941734
great fire of london	when	4184690	4317465
great fire of london	when	4184690	3699202
great fire of london	when	4184690	8272570
great fire of london	when	4184690	7225799
great fire of london	when	4184690	6433049
great fire of london	when	4184690	1367672
great fire of london	when	4184690	6073246
great fire of london	when	4184690	4457639
great fire of london	when	4184690	2259876
great fire of london	when	4184690	6673459
great fire of london	when	4184690	7969978
great fire of london	when	4184690	6581513
great fire of london	when	4184690	4034553
great fire of london	when	4184690	5732358
great fire of london	when	4184690	717827
great fire of london	when	4184690	6645984
great fire of london	when	4184690	7569846
great fire of london	when	4184690	1076156
great fire of london	when	4184690	3470308
great fire of london	when	4184690	8528678
great fire of london	when	4184690	6466662
great fire of london	when	4184690	7461200
great fire of london	when	4184690	5873785
great fire of london	when	4184690	7002097
great fire of london	when	4184690	5988891
great fire of london	when	4184690	3249848
great fire of london	when	4184690	6751384
great fire of london	when	4184690	4824226
great fire of london	when	4184690	2942003
great fire of london	when	4184690	5759991
great fire of london	when	4184690	7720772
great fire of london	when	4184690	4824228
great fire of london	when	4184690	7209855
great fire of london	when	4184690	2571617
great fire of london	when	4184690	4577052
great fire of london	when	4184690	2223112
great fire of london	when	4184690	902622
great fire of london	when	4184690	3689017
great fire of london	when	4184690	5930794
great fire of london	when	4184690	715289
great fire of london	when	4184690	5899
great fire of london	when	4184690	8320595
great fire of london	when	4184690	2963118
great fire of london	when	4184690	212593
great fire of london	when	4184690	4906481
great fire of london	when	4184690	3977158
great fire of london	when	4184690	7839782
great fire of london	when	4184690	8307606
great fire of london	when	4184690	4699065
great fire of london	when	4184690	4289959
great fire of london	when	4184690	8535207
great fire of london	when	4184690	499024
great fire of london	when	4184690	1542802
great fire of london	when	4184690	6730987
great fire of london	when	4184690	1855851
great fire of london	when	4184690	2483029
great fire of london	when	4184690	6077311
great fire of london	when	4184690	8164993
great fire of london	when	4184690	7391254
great fire of london	when	4184690	1316483
great fire of london	when	4184690	8189924
great fire of london	when	4184690	7462918
great fire of london	when	4184690	7720770
great fire of london	when	4184690	1511230
great fire of london	when	4184690	6016065
great fire of london	when	4184690	8063678
great fire of london	when	4184690	6034754
great fire of london	when	4184690	6837649
great fire of london	when	4184690	2940503
great fire of london	when	4184690	5406866
great fire of london	when	4184690	5441742
great fire of london	when	4184690	5914883
great fire of london	when	4184690	1076157
great fire of london	when	4184690	3531895
great fire of london	when	4184690	2259881
great fire of london	when	4184690	5452674
great fire of london	when	4184690	3490156
great fire of london	when	4184690	3495699
great fire of london	when	4184690	3777627
great fire of london	when	4184690	8071510
great fire of london	when	4184690	7871082
great fire of london	when	4184690	6226541
great fire of london	when	4184690	6788723
great fire of london	when	4184690	6568348
great fire of london	when	4184690	1509449
great fire of london	when	4184690	7880162
great fire of london	when	4184690	5898
great fire of london	when	4184690	7815230
great fire of london	when	4184690	8683117
great fire of london	when	4184690	6568347
great fire of london	when	4184690	6426844
great fire of london	when	4184690	4408873
great fire of london	when	4184690	250513
great fire of london	when	4184690	8683121
great fire of london	when	4184690	1032647
great fire of london	when	4184690	8089786
great fire of london	when	4184690	1861834
great fire of london	when	4184690	835858
great fire of london	when	4184690	1076153
great fire of london	when	4184690	5634870
great fire of london	when	4184690	587287
great fire of london	when	4184690	105092
great fire of london	when	4184690	960762
great fire of london	when	4184690	6433051
great fire of london	when	4184690	350311
great fire of london	when	4184690	1280047
great fire of london	when	4184690	7462925
great fire of london	when	4184690	8179022
great fire of london	when	4184690	4791565
great fire of london	when	4184690	2744754
great fire of london	when	4184690	7025854
great fire of london	when	4184690	7391255
great fire of london	when	4184690	8835188
great fire of london	when	4184690	2171252
great fire of london	when	4184690	4824231
great fire of london	when	4184690	2610326
great fire of london	when	4184690	1368030
great fire of london	when	4184690	6016620
great fire of london	when	4184690	7978965
great fire of london	when	4184690	7828492
great fire of london	when	4184690	956328
great fire of london	when	4184690	7793817
great fire of london	when	4184690	8829458
great fire of london	when	4184690	8470950
great fire of london	when	4184690	5380860
great fire of london	when	4184690	6788719
great fire of london	when	4184690	545474
great fire of london	when	4184690	2676993
great fire of london	when	4184690	5634872
great fire of london	when	4184690	5561137
great fire of london	when	4184690	6945817
great fire of london	when	4184690	2526876
great fire of london	when	4184690	2605780
great fire of london	when	4184690	1468519
great fire of london	when	4184690	3393539
great fire of london	when	4184690	1915679
great fire of london	when	4184690	5715296
great fire of london	when	4184690	5303643
great fire of london	when	4184690	1543652
great fire of london	when	4184690	6016616
great fire of london	when	4184690	6426846
great fire of london	when	4184690	5101604
great fire of london	when	4184690	7475859
great fire of london	when	4184690	7984287
great fire of london	when	4184690	7034601
great fire of london	when	4184690	4163016
great fire of london	when	4184690	8456712
great fire of london	when	4184690	5897217
great fire of london	when	4184690	6312924
great fire of london	when	4184690	7122256
great fire of london	when	4184690	8272575
great fire of london	when	4184690	5580012
great fire of london	when	4184690	3936199
great fire of london	when	4184690	6555087
great fire of london	when	4184690	786579
great fire of london	when	4184690	637593
great fire of london	when	4184690	3437217
great fire of london	when	4184690	5512228
great fire of london	when	4184690	7727278
great fire of london	when	4184690	2259877
great fire of london	when	4184690	6521910
great fire of london	when	4184690	8683116
great fire of london	when	4184690	3670789
great fire of london	when	4184690	1144753
great fire of london	when	4184690	6231415
great fire of london	when	4184690	3969294
great fire of london	when	4184690	7403413
great fire of london	when	4184690	5962514
